{"cameraMode":{"drawMode":0,"name":"Shaded","section":"Shading Mode"},"sceneLighting":false,"audioPlay":false,"sceneViewState":{"m_AlwaysRefresh":false,"showFog":true,"showSkybox":false,"showFlares":true,"showImageEffects":true,"showParticleSystems":true,"showVisualEffectGraphs":true,"m_FxEnabled":true},"in2DMode":false,"pivot":{"x":-133.04043579101563,"y":-133.09036254882813,"z":112.58137512207031},"rotation":{"x":0.00714472820982337,"y":0.11587639898061753,"z":0.0008160807774402201,"w":-0.9934836030006409},"size":0.7868978381156921,"orthographic":false}